SEBBENE MOLTO AMATO PER IL SUO PELO, È DIFFICILE ADDOMESTICARLO PER LA VOLUBILE CRUDELTÀ.
MOLTI LO AMANO PER IL SUO ASPETTO ELEGANTE. TUTTAVIA PUÒ SCATENARSI E GRAFFIARE ALLA MINIMA PROVOCAZIONE.
I MUSCOLI FLESSIBILI LO FANNO CAMMINARE SENZA FARE ALCUN RUMORE. ATTACCA IN UN LAMPO.
UN POKÉMON MOLTO ALTEZZOSO. I FAN PARLANO SPESSO DELLE DIMENSIONI DEL GIOIELLO CHE HA SULLA TESTA.
MOLTI LO AMANO PER IL SUO ASPETTO ELEGANTE. MA PUÒ SCATENARSI E GRAFFIARE ALLA MINIMA PROVOCAZIONE.
I MUSCOLI FLESSIBILI GLI CONSENTONO DI CAMMINARE SENZA FARE ALCUN RUMORE. ATTACCA IN UN LAMPO.
È PARTICOLARMENTE SUSCETTIBILE, TANTO DA ATTACCARE CHIUNQUE LO GUARDI NEGLI OCCHI. I SUOI ARTIGLI AFFILATI PROVOCANO PROFONDE FERITE.
LA GEMMA CHE HA SULLA FRONTE È DI UN COLORE DIVERSO DA QUELLA DEI PERSIAN DI ALOLA, MA È COMPOSTA PRATICAMENTE DELLO STESSO IL MATERIALE.
È MOLTO POPOLARE TRA LE PERSONE FACOLTOSE. A VOLTE VIENE PRESO DI MIRA DAI CACCIATORI, ATTIRATI DALLA GEMMA CHE HA SULLA FRONTE.
LA GEMMA CHE HA IN FRONTE EMETTE UNA LUCE SPLENDENTE. HA LE MOVENZE SINUOSE ED ELEGANTI DI UNA REGINA.
HA UN PORTAMENTO ELEGANTE E DISTINTO. NON GLI VA A GENIO LA ROZZEZZA DI PERRSERKER E I DUE POKÉMON SI DISPREZZANO A VICENDA.
IL SUO VISO PERFETTAMENTE TONDO E IL MANTO PIÙ LISCIO DEL VELLUTO LO RENDONO UNO DEI POKÉMON PIÙ AMATI DELLA REGIONE DI ALOLA.
IL SUO VISO TONDO È SIMBOLO DI RICCHEZZA E PIÙ È GROSSO E PAFFUTO, PIÙ BELLO VIENE CONSIDERATO IL POKÉMON.
NELLA FOGA DELLA LOTTA, IL SUO MANTO MERAVIGLIOSO ONDEGGIA. È UN VERO SPETTACOLO.
NELLA REGIONE DI ALOLA LE FACCE TONDE SONO CONSIDERATE UN SIMBOLO DI PROSPERITÀ E PER QUESTO PERSIAN È TRATTATO CON MOLTO RIGUARDO.
LE SUE NOTEVOLI ABILITÀ FISICHE E LE SUE MESCHINE STRATEGIE DI LOTTA LO RENDONO UN AVVERSARIO DAVVERO TEMIBILE.
